variant,exp032b_val,exp032b_test,exp032b_gap,exp034_val,exp034_test,exp034_gap
sym,1.870878108328234,0.09021733159605434,-1.7806607767321796,1.3019885606191168,0.0007049545669046401,-1.3012836060522122
asym,1.6812642891792304,0.1733432499864042,-1.5079210391928262,1.043330704381769,0.17489229407119564,-0.8684384103105733
dsr,1.8091730534226247,-0.12217102844629535,-1.93134408186892,1.412917675353882,0.07029319479969423,-1.3426244805541876
pt,1.6665404385304892,0.3666751556850374,-1.2998652828454518,1.092538681548013,0.3389117680699837,-0.7536269134780292
