variant,trade_rate_val,trade_rate_test,trade_rate_delta,hold_rate_val,hold_rate_test,hold_rate_delta,action_0_val,action_0_test,action_0_delta,action_1_val,action_1_test,action_1_delta
sym,0.05943085065582573,0.0648951048951049,0.005464254239279175,0.0596763058985963,0.06070929070929071,0.0010329848106944081,0.12493692394518877,0.11513775214968532,-0.00979917179550345,0.06195302589242999,0.06269522076109438,0.0007421948686643851
asym,0.046417887550816904,0.05111388611388611,0.004695998563069209,0.029090281506481554,0.03186313686313686,0.002772855356655307,0.30924088607100003,0.2726342226143713,-0.03660666345662872,0.030184454514135053,0.026626756089236158,-0.0035576984248988953
dsr,0.058920763979443125,0.06435064935064935,0.005429885371206228,0.12740661195060213,0.12311188811188811,-0.004294723838714015,0.12423808516531662,0.11870063108039702,-0.005537454084919596,0.1508414117885645,0.14615810990277325,-0.004683301885791247
pt,0.039199969318094656,0.04396103896103896,0.004761069642944302,0.024702769041957506,0.027242757242757244,0.002539988200799738,0.4293509669678676,0.37877367515504906,-0.05057729181281856,0.05375812828289817,0.04402998978482291,-0.009728138498075266
